name,contact_info,address
Bread Suppliers Inc.,contact@breadsuppliers.com,"12-A Bakery Street, Saddar, Karachi"
Healthy Grains Co.,info@healthygrain.com,"45 Commercial Area, DHA Phase 5, Lahore"
Sandwich Specialists,sales@sandwichspec.com,"78 Food Street, Fort Road, Lahore"
Milky Way Bakery,contact@milkywaybakery.com,"32-J Milk Plant Road, Gulberg, Islamabad"
Bun Masters,orders@bunmasters.com,"65-A Siddique Trade Center, Faisalabad"
Bran Delight,info@brandelight.com,"98 Gulshan-e-Iqbal, Block 7, Karachi"
Fruitful Bakers,sales@fruitfulbakers.com,"14 Orchard Road, Model Town, Multan"
Pasta Italia,contact@pastaitalia.com,"25 Italian Food Street, Clifton, Karachi"
Penne Perfect,info@penneperfect.com,"36 PECHS Block 6, Karachi"
Ravioli Royal,sales@ravioliroyal.com,"15 Food Street, Saddar, Rawalpindi"
Macaroni Magic,contact@macaronimagic.com,"75 Shahrah-e-Faisal, Karachi"
Lasagna Legends,info@lasagnalegends.com,"85 Liberty Market, Gulberg, Lahore"
Donut Delights,sales@donutdelights.com,"46 MM Alam Road, Gulberg, Lahore"
Choco Heaven,contact@chocoheaven.com,"79 The Mall Road, Lahore"
Jelly Fill Co.,info@jellyfill.com,"12 Bakery Lane, Cantt, Peshawar"
Mini Treats,sales@minitreats.com,"32 Saddar Bazaar, Rawalpindi"
Noodle Express,contact@noodleexpress.com,"65 I.I. Chundrigar Road, Karachi"
Egg Noodle Co.,info@eggnoodle.com,"98 Food Street, Gawalmandi, Lahore"
Ramen World,sales@ramenworld.com,"14 Japanese Food Street, DHA, Karachi"
Sweet Biscuit Co.,contact@sweetbiscuit.com,"25 Biscuit Factory Road, SITE Area, Karachi"
Creamy Bites,info@creamybites.com,"36 Industrial Area, Kot Lakhpat, Lahore"
Digestive Health,sales@digestivehealth.com,"15 Health Street, Bahria Town, Lahore"
Bar Snacks Inc.,contact@barsnacks.com,"75 Packages Mall, Lahore"
Morning Bites,info@morningbites.com,"85 Cereal Avenue, Blue Area, Islamabad"
Cornflake Kings,sales@cornflakekings.com,"46 Cereal Factory Road, Ferozepur Road, Lahore"
Bran Masters,contact@branmasters.com,"79 Healthy Food Street, Clifton, Karachi"
Choco Cereal Co.,info@chococereal.com,"12 Chocolate Factory Road, Gulistan-e-Jauhar, Karachi"
Oat Specialists,sales@oatspecialists.com,"32 Grain Market, Badami Bagh, Lahore"
Denim Works,contact@denimworks.com,"65 Textile Street, Korangi Industrial Area, Karachi"
Jacket Masters,info@jacketmasters.com,"98 Apparel Avenue, Sundar Industrial Estate, Lahore"
Bag Creators,sales@bagcreators.com,"14 Leather Market, Charsadda Road, Peshawar"
T-Shirt Co.,contact@tshirtco.com,"25 Garment Street, SITE, Karachi"
Formal Wear Inc.,info@formalwear.com,"36 Tailor Street, Anarkali, Lahore"
Polo Specialists,sales@polospecialists.com,"15 Clothing Market, Liberty, Lahore"
Trouser Masters,contact@trousermasters.com,"75 Fabric Street, Faisalabad"
Casual Wear Co.,info@casualwear.com,"85 Ready Made Garments, Hall Road, Lahore"
Utility Clothing,sales@utilityclothing.com,"46 Workwear Street, Industrial Area, Islamabad"
Beverage Co.,contact@beverageco.com,"79 Beverage Factory Road, North Karachi"
Energy Boost,info@energyboost.com,"12 Energy Street, DHA Phase 6, Karachi"
Soda Flavors,sales@sodaflavors.com,"32 Soft Drink Avenue, Gulshan-e-Iqbal, Karachi"
Choco Syrup Co.,contact@chocosyrup.com,"65 Chocolate Street, Food Street, Islamabad"
Berry Flavors,info@berryflavors.com,"98 Fruit Syrup Road, Multan Road, Lahore"
Citrus Juices,sales@citrusjuices.com,"14 Orange Orchard, Sargodha Road, Faisalabad"
Apple Orchard,contact@appleorchard.com,"25 Fruit Market, Quetta"
Tropical Juices,info@tropicaljuices.com,"36 Mango Street, Rahim Yar Khan"
Candy Land,sales@candyland.com,"15 Sweet Street, Saddar, Karachi"
Choco Treats,contact@chocotreats.com,"75 Chocolate Factory, Kotri"
Gummy World,info@gummyworld.com,"85 Confectionery Street, Hyderabad"
Sour Patch,sales@sourpatch.com,"46 Candy Market, Urdu Bazaar, Lahore"
Gluten Free Co.,contact@glutenfreeco.com,"79 Health Food Street, Clifton, Karachi"
Rice Specialists,info@ricespecialists.com,"12 Basmati Street, Larkana"